<?xml version="1.0" encoding="UTF-8"?>
<project-private xmlns="http://www.netbeans.org/ns/project-private/1">
    <editor-bookmarks xmlns="http://www.netbeans.org/ns/editor-bookmarks/2" lastBookmarkId="0"/>
    <open-files xmlns="http://www.netbeans.org/ns/projectui-open-files/2">
        <group>
            <file>file:/F:/Alejo/Taller%20de%20Programacion/Final/FechasDeParciales/src/fechasdeparciales/Alumno.java</file>
            <file>file:/F:/Alejo/Taller%20de%20Programacion/Final/FechasDeParciales/src/fechasdeparciales/FechasDeParciales.java</file>
            <file>file:/F:/Alejo/Taller%20de%20Programacion/Final/FechasDeParciales/src/fechasdeparciales/Sala.java</file>
            <file>file:/F:/Alejo/Taller%20de%20Programacion/Final/FechasDeParciales/src/fechasdeparciales/Fecha.java</file>
        </group>
    </open-files>
</project-private>
