<?xml version="1.0" encoding="UTF-8"?>
<project-private xmlns="http://www.netbeans.org/ns/project-private/1">
    <editor-bookmarks xmlns="http://www.netbeans.org/ns/editor-bookmarks/2" lastBookmarkId="0"/>
    <open-files xmlns="http://www.netbeans.org/ns/projectui-open-files/2">
        <group>
            <file>file:/F:/Alejo/Taller%20de%20Programacion/Final/Escuelaa/src/escuelaa/Presencial.java</file>
            <file>file:/F:/Alejo/Taller%20de%20Programacion/Final/Escuelaa/src/escuelaa/Digital.java</file>
            <file>file:/F:/Alejo/Taller%20de%20Programacion/Final/Escuelaa/src/escuelaa/Curso.java</file>
            <file>file:/F:/Alejo/Taller%20de%20Programacion/Final/Escuelaa/src/escuelaa/Alumno.java</file>
            <file>file:/F:/Alejo/Taller%20de%20Programacion/Final/Escuelaa/src/escuelaa/Escuelaa.java</file>
        </group>
    </open-files>
</project-private>
