<?xml version="1.0" encoding="UTF-8"?>
<project-private xmlns="http://www.netbeans.org/ns/project-private/1">
    <editor-bookmarks xmlns="http://www.netbeans.org/ns/editor-bookmarks/2" lastBookmarkId="0"/>
    <open-files xmlns="http://www.netbeans.org/ns/projectui-open-files/2">
        <group>
            <file>file:/D:/FACULTAD/FINAL%20TALLER/FINALES%20HECHOS%20POR%20MI/OBJETOS/RESOLUCIONES/BANCO/alumno/src/alumno/AlumnoDeGrado.java</file>
            <file>file:/D:/FACULTAD/FINAL%20TALLER/FINALES%20HECHOS%20POR%20MI/OBJETOS/RESOLUCIONES/BANCO/alumno/src/alumno/AlumnoDoctorado.java</file>
            <file>file:/D:/FACULTAD/FINAL%20TALLER/FINALES%20HECHOS%20POR%20MI/OBJETOS/RESOLUCIONES/BANCO/alumno/src/alumno/MateriasAprobadas.java</file>
            <file>file:/D:/FACULTAD/FINAL%20TALLER/FINALES%20HECHOS%20POR%20MI/OBJETOS/RESOLUCIONES/BANCO/alumno/src/alumno/AlumnoMain.java</file>
            <file>file:/D:/FACULTAD/FINAL%20TALLER/FINALES%20HECHOS%20POR%20MI/OBJETOS/RESOLUCIONES/BANCO/alumno/src/alumno/Alumno.java</file>
        </group>
    </open-files>
</project-private>
