<?xml version="1.0" encoding="UTF-8"?>
<project-private xmlns="http://www.netbeans.org/ns/project-private/1">
    <editor-bookmarks xmlns="http://www.netbeans.org/ns/editor-bookmarks/2" lastBookmarkId="0"/>
    <open-files xmlns="http://www.netbeans.org/ns/projectui-open-files/2">
        <group>
            <file>file:/F:/Alejo/Taller%20de%20Programacion/Final/Cochera2.0/src/cochera2/pkg0/Coche.java</file>
            <file>file:/F:/Alejo/Taller%20de%20Programacion/Final/Cochera2.0/src/cochera2/pkg0/Sector.java</file>
            <file>file:/F:/Alejo/Taller%20de%20Programacion/Final/Cochera2.0/src/cochera2/pkg0/Cochera.java</file>
            <file>file:/F:/Alejo/Taller%20de%20Programacion/Final/Cochera2.0/src/cochera2/pkg0/Cochera20.java</file>
        </group>
    </open-files>
</project-private>
