<?xml version="1.0" encoding="UTF-8"?>
<project-private xmlns="http://www.netbeans.org/ns/project-private/1">
    <editor-bookmarks xmlns="http://www.netbeans.org/ns/editor-bookmarks/2" lastBookmarkId="0"/>
    <open-files xmlns="http://www.netbeans.org/ns/projectui-open-files/2">
        <group>
            <file>file:/D:/FACULTAD/FINAL%20TALLER/FINALES%20HECHOS%20POR%20MI/OBJETOS/RESOLUCIONES/resoluciones/FINALES%20HECHOS%20DE%20NUEVO/src/finalesHechosDeNuevo/GNC/Estacion.java</file>
            <file>file:/D:/FACULTAD/FINAL%20TALLER/FINALES%20HECHOS%20POR%20MI/OBJETOS/RESOLUCIONES/resoluciones/FINALES%20HECHOS%20DE%20NUEVO/src/finalesHechosDeNuevo/GNC/GNCMain.java</file>
            <file>file:/D:/FACULTAD/FINAL%20TALLER/FINALES%20HECHOS%20POR%20MI/OBJETOS/RESOLUCIONES/resoluciones/FINALES%20HECHOS%20DE%20NUEVO/src/finalesHechosDeNuevo/GNC/Surtidor.java</file>
            <file>file:/D:/FACULTAD/FINAL%20TALLER/FINALES%20HECHOS%20POR%20MI/OBJETOS/RESOLUCIONES/resoluciones/FINALES%20HECHOS%20DE%20NUEVO/src/finalesHechosDeNuevo/GNC/Venta.java</file>
        </group>
    </open-files>
</project-private>
